입주예정월,지역,사업유형,주소,아파트명,세대수
2026-12,강원,분양,강원특별자치도 강릉시 견소동 219-0,강릉 모아미래도 오션리버,561
2026-08,강원,분양,강원특별자치도 강릉시 견소동 244-2,강릉 오션시티 아이파크,794
2026-11,강원,분양,강원특별자치도 강릉시 송정동 산 77-3,강릉자이르네 디오션,228
2026-12,강원,분양,강원특별자치도 강릉시 주문진읍 주문리 762-5,강릉시 주문진 라일플로리스 벨벳 도시형생활주택,299
2027-04,강원,분양,강원특별자치도 강릉시 포남동 1153-0,강릉 유블레스 리센트,226
2028-03,강원,분양,강원특별자치도 강릉시 홍제동 265-18,강릉 홍제 성보필리오,297
2027-04,강원,분양,강원특별자치도 강릉시 회산동 536-0,강릉 아테라,329
2027-10,강원,임대,강원특별자치도 동해시 천곡동 산 6-0,동해천곡1(고령자)영구임대,202
2027-10,강원,임대,강원특별자치도 동해시 천곡동 산 6-0,동해천곡1(고령자)행복주택,200
2027-07,강원,분양,강원특별자치도 속초시 금호동 617-21,더샵 속초프라임뷰,1024
2027-02,강원,분양,강원특별자치도 원주시 단구동 531-8,원주 모아엘가 그랑데,353
2028-04,강원,분양,강원특별자치도 원주시 무실동 873-3,원주무실지구 A-2블록 공공분양주택,560
2028-06,강원,분양,강원특별자치도 원주시 무실동 1925-0,원주역 중흥S-클래스,508
2027-11,강원,분양,강원특별자치도 원주시 원동 274-40,원주 푸르지오 더 센트럴,1502
2028-01,강원,임대,강원특별자치도 인제군 북면 원통리 717-0,강원인제(마을정비형)통합공공임대,65
2027-03,강원,임대,강원특별자치도 인제군 서화면 천도리 586-0,인제서화고령자복지주택(국민임대),40
2027-03,강원,임대,강원특별자치도 인제군 서화면 천도리 586-0,인제서화고령자복지주택(영구임대),40
2027-08,강원,임대,강원특별자치도 정선군 사북읍 사북리 0-0,정선사북 국민임대주택＆행복주택,150
2028-02,강원,임대,강원특별자치도 철원군 갈말읍 신철원리 641-6,철원갈말2 1(행복주택),96
2027-06,강원,분양,강원특별자치도 춘천시 동면 만천리 768-7,춘천 아테라 에듀파크,477
2026-09,강원,분양,강원특별자치도 춘천시 동면 만천리 785-0,춘천아테라더퍼스트,543
2026-08,강원,분양,강원특별자치도 춘천시 삼천동 22-2,춘천 레이크시티 아이파크,874
2028-03,강원,분양,강원특별자치도 춘천시 약사동 150-10,쌍용 더 플래티넘 스카이,228
2027-12,강원,임대,강원특별자치도 평창군 용평면 장평리 317-2,평창장평 고령자복지주택,68
2026-10,강원,분양,강원특별자치도 홍천군 홍천읍 갈마곡리 23-26,대상 웰라움 홍천,200
2026-12,강원,분양,강원특별자치도 홍천군 홍천읍 갈마곡리 436-1,홍천 에듀포레 휴티스,239
2026-10,강원,분양,강원특별자치도 홍천군 홍천읍 희망리 396-9,중앙하이츠스카이뷰45,264
2027-09,강원,임대,강원특별자치도 횡성군 우천면 양적리 55-1,강원횡성(마을정비형)1(통합공공임대),60
2027-09,강원,임대,강원특별자치도 횡성군 우천면 양적리 산 24-0,횡성우천2(통합공공임대)일자리연계형,80
2027-09,경기,분양,경기도 가평군 가평읍 달전리 284-7,자라섬 수자인 리버페스타,381
2027-09,경기,분양,경기도 가평군 청평면 청평리 산 81-18,청평 수자인 더퍼스트,551
2028-01,경기,분양,경기도 고양시 덕양구 도내동 144-4,고양창릉A4신혼희망타운(공공분양),603
2028-01,경기,임대,경기도 고양시 덕양구 도내동 144-4,고양창릉A4신혼희망타운(행복주택),297
2027-12,경기,분양,경기도 고양시 덕양구 용두동 827-0,고양창릉지구 S-6 공공분양,430
2028-01,경기,분양,경기도 고양시 덕양구 원흥동 0-0,고양창릉지구 S-5 공공분양,759
2028-02,경기,분양,경기도 고양시 덕양구 주교동 559-1,고양더샵포레나,2601
2028-06,경기,분양,경기도 고양시 일산동구 식사동 1126-0,식사푸르지오파크센트,458
2027-04,경기,분양,경기도 고양시 일산동구 식사동 1110-0,휴먼빌 일산 클래스원,529
2027-05,경기,분양,경기도 고양시 일산동구 장항동 0-0,고양 장항 아테라(장항지구 B-3),760
2026-12,경기,분양,경기도 고양시 일산동구 장항동 658-65,고양장항 제일풍경채,1184
2028-03,경기,분양,경기도 고양시 일산동구 장항동 0-0,고양장항S1(공공분양),869
2027-03,경기,분양,경기도 고양시 일산동구 풍동 822-0,e편한세상 일산 메이포레 1단지,321
2027-03,경기,분양,경기도 고양시 일산동구 풍동 852-0,e편한세상 일산 메이포레 3단지,457
2027-03,경기,분양,경기도 고양시 일산동구 풍동 870-0,e편한세상 일산 메이포레 2단지,564
2027-12,경기,임대,경기도 과천시 갈현동 0-0,과천지식정보타운 S-12BL 행복주택,1424
2027-05,경기,분양,경기도 과천시 갈현동 822-0,과천 디에트르 퍼스티지(S2BL),740
2027-10,경기,분양,경기도 과천시 별양동 7-0,프레스티어자이,1445
2028-06,경기,임대,경기도 과천시 주암동 0-0,과천주암(뉴스테이)C2(행복주택),344
2028-06,경기,분양,경기도 과천시 주암동 0-0,과천주암C2신혼희망타운(공공분양),686
2027-10,경기,분양,경기도 광명시 광명동 275-3,광명 롯데캐슬 시그니처,1509
2027-07,경기,분양,경기도 광명시 광명동 78-38,광명자이힐스테이트SKVIEW,2878
2027-11,경기,분양,경기도 광명시 소하동 0-0,광명 유승한내들 라포레,444
2027-06,경기,임대,경기도 광명시 소하동 1342-5,더플러스광명(행복주택),152
2027-05,경기,분양,경기도 광주시 곤지암읍 곤지암리 637-0,곤지암역 센트럴 아이파크,347
2027-08,경기,분양,경기도 광주시 곤지암읍 곤지암리 636-0,곤지암역 제일풍경채,565
2027-05,경기,분양,경기도 광주시 곤지암읍 신대리 16-1,힐스테이트 광주곤지암역,635
2026-11,경기,임대,경기도 광주시 역동 417-2,광주역세권청년혁신타운,316
2027-08,경기,분양,경기도 광주시 장지동 695-14,광주태전 경남아너스빌 리미티드,404
2027-07,경기,임대,경기도 구리시 수택동 518-7,LH매입임대주택,39
2027-11,경기,분양,경기도 구리시 수택동 266-2,구리 한양립스,268
2027-04,경기,분양,경기도 구리시 인창동 515-1,인창센트레빌인더포레,244
2028-05,경기,분양,경기도 군포시 금정동 146-3,금정역 푸르지오 그랑블,1072
2027-12,경기,분양,경기도 군포시 둔대동 57-0,군포대야미 대방 디에트르 시그니처 B3BL,640
2028-05,경기,분양,경기도 군포시 속달동 90-3,대야미역금강펜테리움레이크포레(B1),502
2027-12,경기,분양,경기도 김포시 북변동 329-2,김포 북변 우미 린 파크리브,1200
2028-02,경기,분양,경기도 김포시 북변동 184-0,한강수자인오브센트,3058
2027-05,경기,임대,경기도 남양주시 다산동 6111-0,다산지금A3(통합공공임대),518
2028-03,경기,분양,경기도 남양주시 와부읍 덕소리 453-15,덕소역라온프라이빗리버포레,999
2028-04,경기,분양,경기도 남양주시 진접읍 내각리 0-0,남양주진접2A3신혼희망타운(공공분양),208
2028-04,경기,임대,경기도 남양주시 진접읍 내각리 0-0,남양주진접2A4(행복주택),193
2028-04,경기,분양,경기도 남양주시 진접읍 내각리 0-0,남양주진접2B1(공공분양),260
2028-04,경기,임대,경기도 남양주시 진접읍 연평리 0-0,남양주진접2A3신혼희망타운(행복주택),158
2028-04,경기,분양,경기도 남양주시 진접읍 연평리 0-0,남양주진접2A4신혼희망타운(공공분양),255
2028-05,경기,분양,경기도 남양주시 진접읍 연평리 778-0,왕숙푸르지오더퍼스트1단지(B1),560
2028-06,경기,분양,경기도 남양주시 진접읍 연평리 778-0,왕숙푸르지오더퍼스트2단지(B2),587
2027-05,경기,분양,경기도 남양주시 퇴계원읍 퇴계원리 142-27,퇴계원경남아너스빌,227
2026-10,경기,분양,경기도 부천시 소사구 괴안동 130-13,범안동130가로주택사업,59
2027-01,경기,분양,경기도 부천시 소사구 괴안동 0-0,부천아테라자이(부천괴안지구 B-2),200
2027-08,경기,분양,경기도 부천시 소사구 괴안동 106-1,엘리프 역곡,252
2027-08,경기,분양,경기도 부천시 소사구 소사본동 134-0,소사역 롯데캐슬 더 뉴엘,983
2026-11,경기,분양,경기도 부천시 소사구 소사본동 191-3,진양아파트소규모재건축사업,104
2026-10,경기,분양,경기도 부천시 소사구 송내동 338-0,송내역 푸르지오 센트비엔,1045
2027-09,경기,분양,경기도 부천시 오정구 고강동 419-2,고강동한일빌라외가로주택정비사업,92
2026-08,경기,분양,경기도 부천시 오정구 고강동 307-0,고강역 신원아침도시 퍼스티지,237
2026-08,경기,분양,경기도 부천시 오정구 고강동 338-16,고강역중앙하이츠포레,99
2026-10,경기,분양,경기도 부천시 오정구 고강동 334-7,로얄빌라외가로주택정비사업,72
2026-08,경기,분양,경기도 부천시 오정구 고강동 310-9,삼우아파트성원주택수정빌라가로주택사업,108
2026-07,경기,분양,경기도 부천시 오정구 고강동 293-2,삼하동호진주가로주택정비사업,90
2027-01,경기,분양,경기도 부천시 오정구 고강동 292-3,성산주택가로주택사업,33
2027-11,경기,분양,경기도 부천시 오정구 대장동 684-0,e편한세상 대장 퍼스티움(부천대장지구 A-5BL) 신혼희망타운 공공분양,638
2027-11,경기,분양,경기도 부천시 오정구 대장동 684-0,e편한세상 대장 퍼스티움(부천대장지구 A-6BL)신혼희망타운 공공분양,461
2027-11,경기,임대,경기도 부천시 오정구 대장동 684-0,e편한세상 대장 퍼스티움(부천대장지구 A-5BL) 행복주택,314
2027-11,경기,임대,경기도 부천시 오정구 대장동 684-0,e편한세상 대장 퍼스티움(부천대장지구 A-6BL) 행복주택,227
2028-01,경기,분양,경기도 부천시 오정구 대장동 0-0,부천대장A7(공공분양),473
2028-01,경기,분양,경기도 부천시 오정구 대장동 0-0,부천대장A8(공공분양),392
2026-10,경기,분양,경기도 부천시 오정구 여월동 8-6,여월 중앙하이츠 아르비채,102
2026-10,경기,분양,경기도 부천시 오정구 오정동 140-5,부촌3차아파트외가로주택정비사업,231
2027-07,경기,분양,경기도 부천시 오정구 오정동 613-0,오정 해모로 스마트시티,200
2027-05,경기,분양,경기도 부천시 오정구 오정동 570-5,우진아파트가로주택정비사업,48
2028-01,경기,분양,경기도 부천시 오정구 원종동 298-1,엘리프원종,207
2026-10,경기,분양,경기도 부천시 오정구 원종동 288-0,영동주택가로주택정비사업,164
2027-05,경기,분양,경기도 부천시 오정구 원종동 0-0,원종 휴먼빌 클라츠,255
2026-12,경기,분양,경기도 부천시 오정구 원종동 136-4,은성빌라가로주택정비사업,82
2028-03,경기,분양,경기도 부천시 오정구 원종동 276-2,중앙하이츠원종역,172
2027-04,경기,분양,경기도 성남시 분당구 구미동 220-0,더샵 분당센트로,647
2027-10,경기,분양,경기도 성남시 분당구 정자동 88-0,더샵 분당티에르원,873
2027-11,경기,분양,경기도 성남시 수정구 금토동 0-0,성남금토 A-4블록 신혼희망타운(공공분양),766
2027-01,경기,임대,경기도 성남시 수정구 금토동 0-0,성남금토A2(국민임대),438
2027-01,경기,임대,경기도 성남시 수정구 금토동 194-1,성남금토A2(영구임대),195
2027-11,경기,임대,경기도 성남시 수정구 금토동 0-0,성남금토A4(행복주택),384
2027-02,경기,분양,경기도 성남시 수정구 금토동 0-0,판교테크노밸리 중흥S-클래스,317
2028-04,경기,분양,경기도 성남시 수정구 복정동 243-0,성남복정1지구 B1블록 복정역 에피트,315
2027-09,경기,분양,경기도 성남시 수정구 복정동 0-0,엘리프 남위례역 에듀포레,510
2027-12,경기,분양,경기도 성남시 수정구 산성동 1336-0,산성역 헤리스톤,3487
2026-10,경기,임대,경기도 성남시 수정구 신촌동 0-0,성남신촌 A1블록 통합공공임대주택,227
2026-12,경기,임대,경기도 성남시 수정구 창곡동 0-0,위례 A2-7블록 신혼희망타운 행복주택,219
2026-12,경기,분양,경기도 성남시 수정구 창곡동 0-0,위례지구 A2-7블록 신혼희망타운,440
2027-12,경기,분양,경기도 성남시 중원구 중앙동 912-0,해링턴 스퀘어 신흥역,1972
2027-12,경기,분양,경기도 수원시 권선구 금곡동 882-0 (당수지구 C3BL),엘리프 한신더휴 수원 C3블록 ,452
2027-06,경기,임대,경기도 수원시 권선구 당수동 0-0,신혼희망타운 행복주택,242
2027-06,경기,분양,경기도 수원시 권선구 당수동 0-0,신혼희망타운(공공분양),484
2028-04,경기,분양,경기도 수원시 권선구 당수동 592-0 (당수지구 D3BL),엘리프한신더휴수원(D3),697
2026-08,경기,분양,경기도 수원시 권선구 세류동 817-72,매교역 팰루시드,2178
2027-03,경기,분양,경기도 수원시 영통구 영통동 961-11,영통자이 센트럴파크,580
2027-02,경기,분양,경기도 수원시 장안구 연무동 58-1,서광교 한라비발디 레이크포레,285
2027-09,경기,분양,경기도 수원시 장안구 이목동 511-1 (이목지구 A4BL),북수원이목지구 대방 디에트르 더 리체Ⅰ(A4BL),768
2028-05,경기,분양,경기도 수원시 장안구 이목동 910-0 (이목지구 A3BL),북수원이목지구 대방 디에트르 더 리체Ⅱ(A3BL),1744
2027-10,경기,분양,경기도 수원시 팔달구 우만동 436-0,효성해링턴 플레이스 동수원,162
2027-03,경기,임대,경기도 수원시 팔달구 인계동 754-1,수원 PEER,216
2027-07,경기,분양,경기도 시흥시 은행동 248-30,시흥 롯데캐슬 시그니처(1블럭),1230
2027-07,경기,분양,경기도 시흥시 은행동 286-5,시흥 롯데캐슬 시그니처(2블럭),903
2026-10,경기,분양,경기도 시흥시 은행동 289-31,시흥 은계 에피트,218
2027-06,경기,분양,경기도 시흥시 정왕동 2716-0,힐스테이트 더웨이브시티,851
2027-11,경기,분양,경기도 안산시 단원구 고잔동 674-0,롯데캐슬 시그니처 중앙,1051
2026-09,경기,분양,경기도 안산시 단원구 고잔동 648-0,한화포레나 안산고잔2차 ,472
2027-03,경기,분양,경기도 안성시 신소현동 84-0,안성당왕(B-1) 경남아너스빌 하이스트,976
2026-09,경기,임대,경기도 안성시 신소현동 86-1,안성영무예다음(민간임대)2BL,997
2028-06,경기,분양,경기도 안성시 옥산동 659-0,안성아양금성백조예미지(B2),657
2028-05,경기,분양,경기도 안성시 옥산동 556-0,안성아양지구영무예다음(B-3-1),288
2027-12,경기,분양,경기도 안양시 동안구 비산동 354-10,"평촌자이 퍼스니티 (1,2단지)",2737
2026-10,경기,분양,경기도 안양시 동안구 호계동 533-3,e편한세상 평촌 어반밸리,458
2028-05,경기,분양,경기도 안양시 만안구 박달동 111-1,호현 센트럴 아이파크,507
2028-01,경기,분양,경기도 안양시 만안구 석수동 284-1,만안역중앙하이츠포레,115
2027-03,경기,임대,경기도 안양시 만안구 안양동 695-18,안양동 695-18 외 3필지 공동주택(LH신축매입약정),104
2027-05,경기,임대,경기도 안양시 만안구 안양동 837-8,안양동 837-8 외 1필지 공동주택(LH신축매입약정),42
2028-02,경기,분양,경기도 양주시 남방동 600-0,양주역 푸르지오 센터파크,1172
2027-12,경기,분양,경기도 양주시 덕계동 707-1,덕계역 한신더휴 포레스트,724
2027-10,경기,분양,경기도 양주시 백석읍 복지리 279-1,양주 백석 모아엘가 그랑데,929
2027-03,경기,분양,경기도 양주시 삼숭동 187-47,더 플래티넘 센트럴포레,600
2027-11,경기,분양,경기도 양주시 은현면 용암리 784-8,양주 한양 아이클래스,644
2027-06,경기,분양,경기도 양주시 회정동 194-1,양주덕정역에피트,427
2026-09,경기,임대,경기도 양주시 덕계동 338-0,양주회천 A25 국민임대주택,1002
2026-09,경기,임대,경기도 양주시 덕계동 338-0,양주회천 A25 영구임대주택,472
2026-09,경기,분양,경기도 양주시 회정동 857-0 (회천지구 A12),회천중앙역 대광로제비앙 ,621
2026-12,경기,분양,경기도 양주시 회정동 819-0 (회천지구 A11),회천중앙역 로제비앙 그랜드센텀,642
2028-02,경기,분양,경기도 양주시 회정동 785-0 (회천지구 A10-1),회천중앙역 파라곤,845
2027-03,경기,분양,경기도 양평군 양평읍 덕평리 661-7,양평 하늘채 센트로힐스,539
2028-04,경기,분양,경기도 양평군 양평읍 오빈리 140-1,효성해링턴 플레이스 양평,455
2027-06,경기,분양,경기도 여주시 교동 500-118,여주역자이 헤리티지,769
2028-04,경기,분양,경기도 여주시 홍문동 336-2,여주역 로제비앙 더센텀,744
2026-10,경기,분양,경기도 오산시 가수동 449-0,오산역 금강펜테리움 센트럴파크(A8블록),730
2027-11,경기,분양,경기도 오산시 벌음동 382-0,오산 세교 아테라(오산 세교2지구 A12),433
2027-01,경기,임대,경기도 오산시 궐동 822-0,오산세교2A5(우미린),1050
2027-02,경기,분양,경기도 오산시 벌음동 149-0,오산세교 힐데스하임(A20블록),715
2027-08,경기,분양,경기도 오산시 양산동 95-0,롯데캐슬 위너스포레,1672
2027-08,경기,분양,경기도 오산시 양산동 10-2,힐스테이트 오산더클래스,970
2026-07,경기,임대,경기도 용인시 기흥구 상하동 456-0,상하동 라포레어정[GH매입임대],81
2026-12,경기,분양,경기도 용인시 기흥구 서천동 335-2,영통역자이 프라시엘,472
2028-03,경기,분양,경기도 용인시 기흥구 영덕동 55-1,용인 플랫폼시티 라온프라이빗 아르디에,238
2026-11,경기,임대,경기도 용인시 수지구 죽전동 1003-29,죽전동 도시형생활주택[LH매입임대],72
2027-08,경기,분양,경기도 용인시 처인구 남동 산 126-13,용인 푸르지오 원클러스터 1단지,1681
2028-02,경기,분양,경기도 용인시 처인구 남동 193-2,용인 푸르지오 원클러스터 2단지,1804
2028-02,경기,분양,경기도 용인시 처인구 남동 243-0,용인 푸르지오 원클러스터 3단지,239
2027-12,경기,분양,경기도 용인시 처인구 남사읍 아곡리 705-0,힐스테이트 용인마크밸리 ,660
2027-08,경기,임대,경기도 용인시 처인구 마평동 734-1,마평동 734-1번지 일원 공동주택{LH매입임대],68
2027-03,경기,분양,경기도 용인시 처인구 삼가동 174-0,두산위브더제니스 센트럴 용인,568
2027-03,경기,분양,경기도 용인시 처인구 역북동 89-25,역북 서희스타힐스 프라임시티,912
2027-07,경기,분양,경기도 용인시 처인구 포곡읍 금어리 646-0,용인 둔전역 에피트 ,1275
2026-12,경기,분양,경기도 용인시 처인구 포곡읍 전대리 192-2,용인 에버랜드역 칸타빌,348
2026-10,경기,분양,경기도 의왕시 오전동 32-5,의왕 센트라인 데시앙,733
2027-11,경기,임대,경기도 의왕시 월암동 0-0,의왕월암A1(행복주택),228
2027-11,경기,분양,경기도 의왕시 월암동 0-0,의왕월암A1신혼희망타운(공공분양),446
2028-04,경기,임대,경기도 의왕시 월암동 0-0,의왕월암A3(행복주택),218
2028-04,경기,분양,경기도 의왕시 월암동 0-0,의왕월암A3신혼희망타운(공공분양),424
2027-12,경기,분양,경기도 의왕시 월암동 219-3,의왕월암지구 대방 디에트르 레이크파크(B2 BL),703
2028-04,경기,분양,경기도 의왕시 청계동 0-0,의왕청계2A1신혼희망타운(공공분양),320
2027-06,경기,임대,경기도 의왕시 초평동 0-0,의왕초평 A-4BL,381
2028-04,경기,임대,경기도 의왕시 포일동 152-0,의왕청계2A1(행복주택),160
2028-04,경기,임대,경기도 의왕시 포일동(의왕청계2공공주택지구 M1BL),의왕청계역 시티프라디움 디하모니,160
2027-11,경기,분양,경기도 의정부시 금오동 산 26-19,의정부 롯데캐슬 나리벡시티,671
2027-12,경기,분양,경기도 의정부시 금오동 360-4,의정부 푸르지오 클라시엘,656
2028-06,경기,분양,경기도 의정부시 녹양동 196-1,의정부우정 A1블록 공공분양주택(본청약),538
2026-09,경기,분양,경기도 의정부시 신곡동 435-3,e편한세상 신곡 시그니처뷰 1단지 & 2단지,815
2027-10,경기,분양,경기도 의정부시 의정부동 248-3,더샵 의정부역 링크시티 ,1401
2026-10,경기,분양,경기도 의정부시 의정부동 100-1,의정부역 진흥해링턴플레이스,150
2027-04,경기,임대,경기도 의정부시 호원동 57-3,호원동 57-3 LH신혼부부아파트(LH매입약정 임대주택),81
2028-02,경기,분양,경기도 이천시 부발읍 아미리 산 112-0,부발역 에피트 에디션,706
2028-05,경기,분양,경기도 이천시 부발읍 아미리 737-6,이천 부발역 에피트,671
2027-04,경기,분양,경기도 이천시 송정동 산 31-0,이천자이 더 레브,635
2027-09,경기,분양,경기도 이천시 안흥동 284-2,이천 롯데캐슬 센트럴 페라즈 스카이,801
2027-06,경기,임대,경기도 이천시 장호원읍 이황리 355-7,카사펠리스 이천 (5년 공공건설임대주택),930
2026-11,경기,임대,경기도 이천시 장호원읍 장호원리 산 11-6,이천장호원B2(통합공공임대),620
2026-11,경기,분양,경기도 이천시 증일동 0-0,이천 중리지구 A-2 신안인스빌 퍼스티지,523
2026-11,경기,분양,경기도 이천시 중리동 518-0,이천 중리지구 B3블록 금성백조 예미지,1009
2026-07,경기,분양,경기도 이천시 증일동 79-4,힐스테이트 이천역 1단지,937
2026-07,경기,분양,경기도 이천시 증일동 60-5,힐스테이트 이천역 2단지,885
2026-08,경기,분양,경기도 이천시 증포동 323-20,이천자이 더 리체,558
2027-08,경기,분양,경기도 파주시 당하동 0-0,파주운정3지구 A20블록 공공분양주택,612
2027-11,경기,임대,경기도 파주시 당하동 513-0,파주운정3지구A3BL,1222
2026-10,경기,분양,경기도 파주시 동패동 415-13,운정3 제일풍경채(A46BL),383
2026-07,경기,분양,경기도 파주시 동패동 산 80-1,운정중앙역동문디이스트(A22)공공분양,642
2026-09,경기,분양,경기도 파주시 동패동 418-0,파주 운정3 이지더원(A44BL),379
2026-07,경기,분양,경기도 파주시 동패동 산79-6,파주 운정신도시 우미 린 더 센텀,418
2027-04,경기,분양,경기도 파주시 목동동 363-0,제일풍경채 운정 A45BL,520
2027-11,경기,분양,경기도 파주시 문산읍 문산리 81-61,문산역3차 동문 디 이스트 센트럴,951
2027-01,경기,분양,경기도 평택시 가재동 0-0,지제역 반도체밸리 쌍용 더 플래티넘,1340
2027-02,경기,분양,경기도 평택시 가재동 0-0,지제역 반도체밸리 해링턴 플레이스,1209
2028-01,경기,분양,경기도 평택시 장안동 산 134-3,평택 브레인시티 한신더휴,991
2027-05,경기,분양,경기도 평택시 고덕동 2394-2,고덕국제신도시 서한이다음 그레이튼,1138
2028-02,경기,분양,경기도 평택시 고덕동 1858-2,고덕자연&하우스디(A4),517
2026-08,경기,분양,경기도 평택시 고덕면 0-0,평택 고더국제신도시 A48 금성백조 예미지,431
2026-07,경기,임대,경기도 평택시 고덕동 2722-3,고덕국제신도시 서한 에듀센텀,510
2028-04,경기,분양,경기도 평택시 도일동 466-3,브레인시티 푸르지오,1990
2028-05,경기,분양,경기도 평택시 장안동 0-0,브레인시티 메디스파크 로제비앙 모아엘가,1215
2026-08,경기,분양,경기도 평택시 장안동 0-0,평택 브레인시티 2BL 대광로제비앙 모아엘가,1700
2027-01,경기,분양,경기도 평택시 장안동 0-0,평택 브레인시티 5BL 대광로제비앙 그랜드센텀,1182
2027-12,경기,분양,경기도 평택시 장안동 0-0,평택 브레인시티 수자인,889
2027-02,경기,분양,경기도 평택시 장안동 0-0,평택 브레인시티 중흥S-클래스,1980
2027-02,경기,분양,경기도 평택시 진위면 갈곶리 239-60,진위역 서희스타힐스 더 파크뷰,1659
2028-06,경기,분양,경기도 평택시 통복동 108-3,더 플래티넘 스카이헤론,784
2028-03,경기,분양,경기도 평택시 팽성읍 송화리 123-0,더플래티넘파인애비뉴,1048
2028-01,경기,분양,경기도 평택시 합정동 835-0,힐스테이트평택역센트럴시티,1918
2026-11,경기,분양,경기도 평택시 현덕면 운정리 150-1,평택 화양 동문 디 이스트,753
2027-04,경기,분양,경기도 평택시 현덕면 화양리 0-0,신영지웰 평택화양,999
2026-11,경기,분양,경기도 평택시 현덕면 화양리 787-3,평택 푸르지오 센터파인,851
2026-07,경기,분양,경기도 평택시 현덕면 화양리 0-0,평택화양 서희스타힐스 센트럴파크,1554
2027-12,경기,분양,경기도 평택시 현덕면 화양리 0-0,평택화양 서희스타힐스 센트럴파크 2차 ,815
2028-02,경기,분양,경기도 화성시 동탄구 신동 720-0,동탄 그웬 160 (동탄2 B11BL),160
2027-02,경기,임대,경기도 화성시 동탄구 신동 824-0,동탄 파라곤 3차 (동탄2 A58BL),1247
2026-07,경기,분양,경기도 화성시 동탄구 신동 820-0,동탄신도시 금강펜테리움7차 센트럴파크 (동탄2 A57-2BL),662
2027-05,경기,분양,경기도 화성시 동탄구 여울동 1099-0,동탄2신도시 동탄역 대방 엘리움 더 시그니처(C18BL),464
2027-06,경기,분양,경기도 화성시 만세구 향남읍 상신리 61-8,상신2지구,75
2027-06,경기,임대,경기도 화성시 만세구 향남읍 상신리 1329-0,화성 향남2지구 B-16블록 ,772
2027-09,경기,분양,경기도 화성시 효행구 봉담읍 동화리 238-31,동화리더리브,258
2027-09,경기,분양,경기도 화성시 효행구 비봉면 삼화리 1833-0,금성백조 예미지2차M(B-1BL),530
2028-06,경기,분양,경기도 화성시 동탄구 산척동 746-0,동탄 꿈의숲 자연앤 데시앙(A78BL),1170
2027-01,경기,임대,경기도 부천시 소사구 소사본동 115-2,소사본동 아파트(LH매입임대),109
2027-02,경기,임대,경기도 부천시 소사구 소사본동 82-1,J팰리스(LH매입임대),43
2028-05,경기,분양,경기도 부천시 소사구 소사본동 277-30,경기도 부천시 소사구 소사본동 277-30번지 일원 가로주택정비사업,79
2028-06,경기,분양,경기도 부천시 소사구 소사본동 190-3,소라아파트 소규모재건축사업,98
2028-06,경기,분양,경기도 부천시 소사구 송내동 365-1,송내동 성우아파트 소규모재건축사업,128
2027-07,경기,임대,경기도 부천시 원미구 상동 317-8,상동팰리스(LH매입임대),30
2027-12,경기,임대,경기도 부천시 원미구 중동 898-5,중동 공동주택 아파트(LH매입임대),77
2027-10,경기,분양,경기도 성남시 분당구 정자동 90-0,더샵 분당하이스트,1149
2028-03,경기,분양,경기도 수원시 장안구 연무동 240-3,연무동 한라연립,42
2027-12,경기,임대,경기도 동두천시 생연동 370-1,동두천중앙역 대라수어썸브릿지,236
2026-11,경기,임대,경기도 이천시 백사면 모전리 1-2,신안실크밸리 2BL,981
2028-01,경기,임대,경기도 안양시 동안구 비산동 577-0,비산동 577번지 공동주택(LH신축매입약정),120
2027-12,경기,임대,경기도 용인시 수지구 동천동 462-4,동천동 462-4번지 공동주택 신축공사[LH매입임대],65
2028-06,경기,분양,경기도 용인시 기흥구 마북동 298-1,중앙하이츠구성플랫폼시티,130
2027-02,경남,임대,경상남도 거창군 거창읍 대평리 1005-12,거창숙박시설 정비사업 A1BL 통합공공임대주택,40
2027-09,경남,임대,경상남도 고성군 고성읍 교사리 97-0,고성이솔레나(민간임대),161
2027-06,경남,임대,경상남도 고성군 고성읍 서외리 235-5,고성형근로자주택(공공임대),70
2027-12,경남,분양,경상남도 김해시 구산동 593-0,김해 구산 롯데캐슬 시그니처,714
2027-04,경남,분양,경상남도 김해시 삼계동 1027-3,김해 삼계 푸르지오 센트럴파크,630
2028-06,경남,임대,경상남도 김해시 진례면 0-0,김해테크노밸리제일풍경채Ⅰ(B3)민간임대,440
2028-03,경남,분양,경상남도 김해시 진례면 송정리 0-0,김해진례C1(공공분양),387
2028-03,경남,임대,경상남도 김해시 진례면 송정리 571-0,김해진례C1(공공임대),339
2026-10,경남,분양,경상남도 밀양시 삼문동 620-1,삼문 시그니처 웰가,232
2027-02,경남,임대,경상남도 산청군 산청읍 산청리 31-0,산청산청 1BL 통합공공임대주택,30
2028-06,경남,분양,경상남도 진주시 가좌동 594-0,아너스 웰가 진주,840
2026-09,경남,임대,경상남도 창녕군 영산면 서리 175-0,창녕영산1BL(행복주택),150
2027-06,경남,분양,경상남도 창원시 성산구 가음동 24-1,푸르지오 파크베뉴 ,570
2026-09,경남,분양,경상남도 창원시 성산구 신월동 90-0,창원 센트럴 아이파크,1509
2027-12,경남,분양,경상남도 창원시 성산구 신촌동 34-1,성산 더리브 포레스트,258
2026-08,경남,임대,경상남도 합천군 합천읍 합천리 1527-0,합천군청년신혼부부(행복주택),30
2027-12,경남,임대,경상남도 김해시 진례면 진례지구B-1BL,분양전환공공임대(B1),382
2028-06,경남,분양,경상남도 양산시 평산동 47-1,양산 자이파크팰리체,842
2027-04,경북,분양,경상북도 경산시 압량읍 압량리 200-0,경산 2차 IPARK,745
2026-12,경북,임대,경상북도 경주시 내남면 이조리 148-1,경주내남 고령자복지주택(영구임대),90
2026-07,경북,분양,경상북도 고령군 다산면 좌학리 139-1,다산 월드메르디앙 센텀하이,463
2027-03,경북,분양,경상북도 구미시 봉곡동 59-1,힐스테이트 구미더퍼스트,491
2027-07,경북,임대,경상북도 구미시 산동읍 동곡리 산 60-3,대광로제비앙메가시티(민간임대),2740
2027-01,경북,분양,경상북도 안동시 옥동 산 70-0,위파크 안동 호반,820
2027-10,경북,분양,경상북도 안동시 용상동 494-0,안동 용상 하늘채 리버스카이,548
2027-05,경북,임대,경상북도 청도군 청도읍 고수리 498-0,경북청도 행복주택,42
2027-05,경북,임대,경상북도 청도군 청도읍 고수리 863-0,청도 고수리 공동주택 신축공사,44
2027-09,경북,분양,경상북도 포항시 남구 대잠동 871-0,힐스테이트 더샵 상생공원 1단지,999
2027-09,경북,분양,경상북도 포항시 남구 대잠동 산 81-4,힐스테이트 더샵 상생공원2단지,1668
2026-10,경북,분양,경상북도 포항시 북구 항구동 17-358,포항자이 디오션,212
2026-11,경북,분양,경상북도 영주시 상망동 산 78-1,영주자이 시그니처,763
2027-00,경북,분양,경상북도 포항시 북구 두호동 205-3,두호동 상떼빌 1차 ,84
2027-12,경북,임대,경상북도 영덕군 영덕읍 덕곡리 115-4,덕곡리 공공임대주택,46
2026-10,경북,분양,경상북도 울진군 울진읍 읍내리 392-0,리버파크,64
2027-05,광주,분양,광주광역시 광산구 산월동 산 22-0,봉산공원 첨단 제일풍경채,948
2027-01,광주,분양,광주광역시 광산구 소촌동 산 76-1,소촌어등더포레젠,439
2026-07,광주,분양,광주광역시 광산구 운수동 546-0,광주 선운2지구 예다음(B-2블록),554
2027-11,광주,분양,광주광역시 광산구 하산동 269-0,한양립스 에듀포레,470
2026-09,광주,분양,광주광역시 남구 봉선동 1102-4,봉선남양휴튼3차,304
2027-12,광주,분양,광주광역시 남구 봉선동 161-0,봉선동 르오네뜨 2차,56
2027-12,광주,분양,광주광역시 남구 송하동 177-5,광주 송암공원 중흥 S-클래스 SK VIEW,1575
2026-12,광주,분양,광주광역시 남구 월산동 243-1,두산위브 트레지움 월산,320
2027-10,광주,분양,광주광역시 남구 진월동 산 3-0,진월 더리브 라포레,300
2028-04,광주,분양,광주광역시 동구 산수동 산67-23,무등산 경남아너스빌 디원,293
2026-07,광주,분양,광주광역시 동구 지산동 317-19,무등산 한국아델리움 더힐,454
2027-06,광주,분양,광주광역시 북구 동림동 산 90-1,운암산공원 우미린 리버포레,734
2026-10,광주,분양,광주광역시 북구 동림동 272-0,운암산공원 진아리채 그랑뷰,414
2026-12,광주,분양,광주광역시 북구 매곡동 산 131-1,힐스테이트 중외공원 2블록,785
2026-12,광주,분양,광주광역시 북구 매곡동 355-0,힐스테이트 중외공원 3블록,681
2027-03,광주,분양,광주광역시 북구 본촌동 180-0,본촌동코오롱하늘채,428
2026-10,광주,분양,광주광역시 북구 삼각동 700-0,위파크 일곡공원,1004
2026-10,광주,분양,광주광역시 북구 월출동 0-0,첨단 제일풍경채 A5블록,584
2027-08,광주,분양,광주광역시 서구 금호동 80-0,중앙공원 롯데캐슬 시그니처 2-1BL,915
2026-08,광주,분양,광주광역시 서구 풍암동 10-12,위파크 더 센트럴,695
2027-08,광주,분양,광주광역시 서구 풍암동 560-9,중앙공원 롯데캐슬 시그니처 1BL,929
2027-08,광주,분양,광주광역시 서구 풍암동 569-0,중앙공원 롯데캐슬 시그니처 2-2BL,928
2027-12,광주,분양,광주광역시 서구 화정동 23-27,광주화정아이파크(1단지),389
2027-12,광주,분양,광주광역시 서구 화정동 23-26,광주화정아이파크(2단지),316
2027-02,대구,분양,대구광역시 달서구 본리동 661-9,본리동자이,360
2027-07,대구,임대,대구광역시 달성군 구지면 대암리 986-0,대구국가산단(A7-1)행복주택,448
2027-06,대구,분양,대구광역시 북구 학정동 732-1,두산위브더제니스 센트럴시티,1098
2027-06,대구,분양,대구광역시 수성구 만촌동 862-2,만촌파크드림에디움,54
2027-12,대구,임대,대구광역시 수성구 이천동 0-0,대구연호A2(고령자복지),100
2027-12,대구,임대,대구광역시 수성구 이천동 0-0,대구연호A2(통합공공임대),522
2026-10,대구,분양,대구광역시 중구 남산동 2116-19,명덕역루지움푸르나임,152
2027-04,대구,임대,대구광역시 중구 동성로1가 30-1,동성로1가주상복합(임대),174
2026-10,대구,분양,대구광역시 중구 사일동 15-1,더샵 중앙로역센터폴,299
2028-02,대구,분양임대,대구광역시 남구 대명동 1223-5,대구대명LH참여형가로주택정비사업,304
2027-12,대구,분양,대구광역시 수성구 수성동3가 23-0,수성구청솔로 가로주택정비사업,90
2026-10,대구,임대,대구광역시 북구 복현동 617-8,복현청어람더영(공공임대),278
2028-04,대구,분양,대구광역시 달서구 상인동 797-0,송현주공3단지 주택재건축정비사업공사(상인센트럴자이),1498
2027-05,대전,임대,대전광역시 대덕구 송촌동 560-1,"송촌동 560-1,7 도시형생활주택",41
2027-03,대전,임대,대전광역시 대덕구 읍내동 521-9,대전대덕한양수자인,264
2027-05,대전,분양,대전광역시 대덕구 읍내동 51-9,쌍용 더 플래티넘 네이처,745
2027-02,대전,분양,대전광역시 동구 가양동 53-6,가양동 다우갤러리 휴리움,224
2027-11,대전,분양,대전광역시 동구 가오동 394-0,대전 롯데캐슬 더퍼스트,952
2027-06,대전,분양,대전광역시 동구 성남동 1-97,대전 성남 우미린 뉴시티,1213
2026-11,대전,분양,대전광역시 서구 가수원동 산 16-119,관저 푸르지오 센트럴파크 2단지,330
2027-06,대전,분양,대전광역시 서구 가장동 38-1,힐스테이트 가장더퍼스트,1779
2026-11,대전,분양,대전광역시 서구 관저동 7-27,관저 푸르지오 센트럴파크 1단지,330
2027-10,대전,분양,대전광역시 서구 괴정동 133-0,둔산 엘리프 더센트럴,864
2027-03,대전,분양,대전광역시 서구 도마동 182-8,도마 포레나해모로,818
2028-03,대전,분양,대전광역시 서구 월평동 1491-0,둔산 해링턴 플레이스 리버파크,336
2027-08,대전,분양,대전광역시 유성구 복용동 71-0,힐스테이트 도안리버파크 5단지,443
2028-05,대전,분양,대전광역시 유성구 봉명동 543-1,유성 하늘채 하이에르,562
2026-07,대전,분양,대전광역시 유성구 용계동 701-0,도안 우미린 트리쉐이드,1754
2027-09,대전,분양,대전광역시 유성구 용계동 70-0,도안 푸르지오 디아델 29블록,772
2027-09,대전,분양,대전광역시 유성구 용계동 73-48,도안 푸르지오 디아델 31블록,742
2027-08,대전,분양,대전광역시 유성구 학하동 45-3,힐스테이트 도안리버파크 1단지,1124
2027-09,대전,분양,대전광역시 유성구 학하동 86-0,힐스테이트 도안리버파크 2단지,1437
2027-12,대전,분양,대전광역시 유성구 학하동 195-0,힐스테이트 도안리버파크 3단지,1639
2027-09,대전,분양,대전광역시 중구 대흥동 388-7,대전 르에브 스위첸 2단지,838
2027-09,대전,분양,대전광역시 중구 대흥동 385-15,대전 르에브 스위첸 1단지,440
2026-07,대전,임대,대전광역시 중구 대흥동 452-38,대전대흥 행복주택(일자리연계형 지원주택),100
2026-10,대전,분양,대전광역시 중구 문화동 330-0,e편한세상 서대전역 센트로,749
2027-11,대전,분양,대전광역시 중구 문화동 47-0,대전 문화공원 수자인,509
2027-08,대전,분양,대전광역시 중구 문화동 435-42,문화자이SKVIEW,1746
2027-02,대전,분양,대전광역시 중구 선화동 85-1,힐스테이트 선화 더와이즈,851
2027-05,부산,분양,부산광역시 강서구 강동동 4274-0,부산에코델타시티 디에트르 그랑루체(13BL),1470
2026-07,부산,분양,부산광역시 강서구 강동동 4677-2,부산에코델타시티 디에트르 더 퍼스트(28BL),972
2028-03,부산,분양,부산광역시 강서구 강동동 4680-4,에코델타시티 아테라(24BL),1025
2026-11,부산,분양,부산광역시 강서구 강동동 0-0,에코델타시티중흥S-클래스(16BL),1067
2028-06,부산,분양,부산광역시 강서구 강동동 0-0,에코델타시티중흥S-클래스에듀리버(4BL),728
2027-10,부산,분양,부산광역시 강서구 대저2동 0-0,부산에코델타시티 대방 엘리움 러버뷰(31BL),470
2027-12,부산,임대,부산광역시 강서구 범방동 2008-0,부경경마공원역 대방 디에트르 더리버(AP1BL),498
2027-02,부산,분양,부산광역시 금정구 부곡동 200-1,더샵 금정위버시티,994
2028-03,부산,분양,부산광역시 기장군 기장읍 대라리 541-1,기장 이진캐스빌 포레,138
2027-03,부산,분양,부산광역시 기장군 일광읍 이천리 720-2,일광 노르웨이숲 오션포레,1294
2027-12,부산,분양,부산광역시 기장군 장안읍 좌동리 252-0,부산 장안지구 우미 린 프리미어,419
2027-01,부산,분양,부산광역시 기장군 장안읍 좌천리 361-4,부산장안지구 디에트르 디 오션(B3BL),507
2028-05,부산,분양,부산광역시 남구 대연동 405-0,경성대부경대역비스타동원더프리미엄,160
2027-04,부산,분양,부산광역시 남구 대연동 1619-0,대연 디아이엘(1단지),1351
2027-04,부산,분양,부산광역시 남구 대연동 1619-0,대연 디아이엘(2단지)+3단지(공공임대),3137
2027-09,부산,분양임대,부산광역시 남구 문현동 산 23-1,문현 푸르지오 트레시엘,960
2026-12,부산,분양,부산광역시 남구 우암동 189-3,해링턴 마레,2205
2028-06,부산,분양,부산광역시 동구 범일동 830-90,e편한세상범일국제금융시티,856
2026-11,부산,분양,부산광역시 동래구 낙민동 76-1,동래 반도 유보라,400
2027-11,부산,분양,부산광역시 동래구 수안동 36-2,동래 롯데캐슬 시그니처,870
2027-02,부산,분양,부산광역시 동래구 온천동 1248-10,동래 에코팰리스 아시아드,160
2026-12,부산,분양,부산광역시 부산진구 가야동 197-0,힐스테이트 가야 1단지,406
2026-12,부산,분양,부산광역시 부산진구 가야동 197-3,힐스테이트 가야 2단지,81
2026-08,부산,분양,부산광역시 부산진구 당감동 866-1,서면4차봄여름가을겨울,607
2027-09,부산,분양,부산광역시 부산진구 부암동 690-8,서면 어반센트 데시앙 ,762
2028-02,부산,임대,부산광역시 부산진구 부전동 390-1,서면 지원 더뷰 드림아파트(공공지원민간임대),352
2027-03,부산,분양,부산광역시 부산진구 양정동 64-3,양정 롯데캐슬 프론티엘 ,903
2028-06,부산,임대,부산광역시 사상구 모라동 656-6,"부산모라(복합,행복주택)1(통합공공임대)",94
2027-06,부산,분양,부산광역시 사상구 엄궁동 132-0,더샵 리오몬트,1305
2027-12,부산,분양,부산광역시 사하구 감천동 582-1,사하 경남아너스빌 시그니처,380
2027-07,부산,분양,부산광역시 사하구 당리동 54-0,더샵 당리센트리체,821
2027-09,부산,분양,부산광역시 수영구 광안동 971-0,광안센텀 비스타동원,525
2026-09,부산,분양,부산광역시 연제구 거제동 439-10,거제역 양우내안애 아시아드,168
2028-05,부산,분양,부산광역시 연제구 연산동 산 4-0,센텀파크SK뷰,309
2027-10,부산,분양,부산광역시 해운대구 재송동 1030-0,e편한세상 센텀 하이베뉴,924
2027-06,부산,분양,부산광역시 기장군 장안읍 좌동리 463-3,부산 장안지구 중흥S-클래스,514
2027-05,서울,임대,서울특별시 강남구 논현동 221-16,강남구논현동221-16(청년안심주택),94
2027-07,서울,분양,서울특별시 강남구 도곡동 547-1,도곡아테라,82
2026-10,서울,분양임대,서울특별시 강남구 도곡동 540-0,래미안 레벤투스,308
2027-05,서울,분양,서울특별시 강동구 강일동 174-0,고덕강일3단지,1305
2027-12,서울,분양임대,서울특별시 강동구 둔촌동 489-0,올림픽파크 서한포레스트,128
2027-10,서울,분양,서울특별시 강동구 상일동 43-0,고덕강일 대성베르힐,613
2027-08,서울,임대,서울특별시 강동구 성내동 382-6,성내동(청년안심주택),281
2027-04,서울,분양,서울특별시 강동구 암사동 447-8,대명아파트가로주택정비사업,94
2026-08,서울,분양임대,서울특별시 강북구 미아동 194-2,엘리프 미아역 1단지,78
2026-08,서울,분양임대,서울특별시 강북구 미아동 195-0,엘리프 미아역 2단지,182
2027-09,서울,임대,서울특별시 강북구 수유동 47-52,에드가수유(청년안심주택),426
2026-12,서울,임대,서울특별시 강서구 마곡동 777-0,마곡공공R&D센터도전숙,201
2027-06,서울,임대,서울특별시 강서구 공항동 11-21,강서구공항동11-21(청년안심주택),176
2026-12,서울,임대,서울특별시 강서구 공항동 50-5,강서구공항동50-5(청년안심주택),157
2027-08,서울,분양,서울특별시 강서구 내발산동 672-9,우장범진가로주택정비사업,70
2026-10,서울,분양임대,서울특별시 강서구 등촌동 366-24,힐스테이트 등촌역 ,543
2026-08,서울,분양임대,서울특별시 강서구 마곡동 747-1,마곡엠밸리17단지,577
2028-02,서울,임대,서울특별시 강서구 방화동 168-50,마곡동1410(공공임대),75
2027-12,서울,분양임대,서울특별시 강서구 마곡동 753-0,마곡지구16단지토지임대부(나눔형),608
2027-09,서울,분양임대,서울특별시 강서구 방화동 584-1,서울빌라가로주택정비사업,52
2028-05,서울,분양,서울특별시 관악구 신림동 505-1,신대방역 더하이브퍼스트,145
2026-09,서울,분양임대,서울특별시 광진구 구의동 592-39,강변역 센트럴 아이파크,215
2026-08,서울,임대,서울특별시 광진구 구의동 587-6,광진구구의동587-6(청년안심주택),174
2027-00,서울,분양임대,서울특별시 구로구 개봉동 199-4,두산위브더프레스티지,302
2027-10,서울,임대,서울특별시 구로구 구로동 98-5,서울시노동자복지관복합화사업,132
2026-07,서울,임대,서울특별시 금천구 독산동 292-6,독산동292-6(청년안심주택),589
2026-12,서울,임대,서울특별시 금천구 시흥동 103-3,금천구시흥동103-3(청년안심주택),180
2027-07,서울,분양,서울특별시 금천구 시흥동 220-2,한신더휴 하이엔에듀포레 ,219
2027-10,서울,분양임대,서울특별시 노원구 공릉동 240-1,공릉군관사신혼희망타운,214
2027-01,서울,분양,서울특별시 노원구 공릉동 270-71,하우스토리 센트럴포레,161
2026-11,서울,임대,서울특별시 동대문구 신설동 98-18,에스앤디(청년안심주택),99
2026-07,서울,임대,서울특별시 동대문구 전농동 127-359,퀸즈W청량리역(청년안심주택),206
2027-11,서울,분양,서울특별시 동대문구 제기동 892-65,제기동역파밀리에더센트럴(공성아파트),76
2028-03,서울,분양,서울특별시 동대문구 청량리동 368-0,청량리역 요진 와이시티 도시형생활주택,130
2028-01,서울,임대,서울특별시 동작구 노량진동 19-6,노량진19-6(청년안심주택),840
2026-10,서울,임대,서울특별시 동작구 노량진동 39-20,동작구노량진동39-20(청년안심주택),260
2028-04,서울,분양임대,서울특별시 동작구 사당동 155-4,힐스테이트이수역센트럴,929
2026-12,서울,임대,서울특별시 동작구 사당동 1046-1,한누리주차장(행복주택),46
2028-04,서울,분양임대,서울특별시 동작구 상도동 182-13,동작센트럴자이,1984
2026-11,서울,분양임대,서울특별시 동작구 상도동 23-42,힐스테이트동작시그니처,608
2026-08,서울,분양임대,서울특별시 동작구 신대방동 377-1,동작 보라매역 프리센트,124
2027-03,서울,분양임대,서울특별시 마포구 공덕동 105-84,마포자이힐스테이트 라첼스,1101
2026-11,서울,분양,서울특별시 마포구 동교동 200-2,홍대입구역 센트럴 아르떼 해모로,123
2027-12,서울,분양임대,서울특별시 마포구 망원동 469-5,성도.서광가로주택정비사업,133
2026-08,서울,분양임대,서울특별시 마포구 신수동 91-90,힐스테이트마포더퍼스트,488
2027-04,서울,분양,서울특별시 마포구 아현동 613-10,마포 푸르지오 어반피스,239
2026-10,서울,임대,서울특별시 마포구 염리동 172-10,마포구염리동172-10(청년안심주택),299
2027-03,서울,임대,서울특별시 마포구 염리동 85-2,마포구염리동85-2(청년안심주택),499
2027-12,서울,분양임대,서울특별시 마포구 합정동 447-2,합정동447일원가로주택정비사업,163
2027-02,서울,임대,서울특별시 서대문구 북가좌동 333-1,서대문구북가좌동333-1(청년안심주택),382
2027-09,서울,임대,서울특별시 서대문구 연희동 446-27,연희공동주택복합시설조성사업(빗물펌프장),96
2026-07,서울,분양,서울특별시 서대문구 영천동 69-20,경희궁 유보라,199
2026-12,서울,임대,서울특별시 서대문구 창천동 502-11,서대문구창천동502-11(청년안심주택),288
2027-12,서울,분양,서울특별시 서대문구 홍은동 322-1,홍은동322-1일원가로주택정비사업,152
2026-08,서울,분양,서울특별시 서초구 반포동 1109-0,반포 래미안 트리니원,2091
2027-12,서울,분양임대,서울특별시 서초구 반포동 810-0,반포디에이치클래스트,5007
2026-09,서울,분양임대,서울특별시 서초구 방배동 946-8,디에이치 방배,3064
2027-01,서울,분양임대,서울특별시 서초구 방배동 1955-0,서초구방배동1955(청년안심주택),144
2027-11,서울,분양임대,서울특별시 서초구 방배동 1018-1,아크로 리츠카운티,707
2027-03,서울,임대,서울특별시 서초구 서초동 1448-1,서초구서초동1448-1(청년안심주택),835
2026-09,서울,임대,서울특별시 서초구 서초동 1673-1,서초구서초동1673-3(청년안심주택),76
2027-01,서울,임대,서울특별시 서초구 서초동 1676-4,서초구서초동1676-4(청년안심주택),252
2027-06,서울,분양,서울특별시 서초구 서초동 1622-4,해링턴플레이스서초,69
2027-11,서울,임대,서울특별시 서초구 양재동 1-26,서초구 양재동 1-26(청년안심주택),342
2028-01,서울,분양,서울특별시 서초구 잠원동 65-33,신반포22차아파트,160
2027-11,서울,임대,서울특별시 성동구 도선동 286-0,성동구 도선동 286(청년안심주택),381
2028-04,서울,분양,서울특별시 성동구 마장동 767-56,청계백상앨리츠,72
2027-07,서울,분양임대,서울특별시 성동구 성수동1가 656-421,오티에르 포레 ,287
2027-12,서울,임대,서울특별시 성동구 용답동 68-2,성동구용답동68-2(청년안심주택),228
2026-12,서울,분양임대,서울특별시 성동구 용답동 108-1,성동자이리버뷰,1670
2026-08,서울,임대,서울특별시 성동구 홍익동 150-0,성동구홍익동150(청년안심주택),266
2027-09,서울,분양임대,서울특별시 성동구 홍익동 119-1,한신아파트가로주택정비사업,105
2026-09,서울,분양,서울특별시 성북구 보문동1가 196-11,보문 센트럴 아이파크,199
2027-11,서울,분양임대,서울특별시 성북구 삼선동2가 296-0,창경궁 롯데캐슬 시그니처,1223
2026-10,서울,임대,서울특별시 성북구 석관동 173-1,성북구석관동173-1(청년안심주택),242
2027-03,서울,분양임대,서울특별시 성북구 장위동 25-55,푸르지오 라디우스 파크,1637
2027-03,서울,임대,서울특별시 성북구 하월곡동 80-55,성북구하월곡동80-55(청년안심주택),254
2027-09,서울,임대,서울특별시 성북구 하월곡동 88-513,에드가미아(청년안심주택),415
2028-06,서울,분양임대,서울특별시 송파구 거여동 276-0,위례A1-14이익공유형(나눔형),555
2028-05,서울,분양임대,서울특별시 송파구 삼전동 53-8,삼전동쌍용하이츠빌라(가로주택정비사업),65
2026-12,서울,임대,서울특별시 송파구 장지동 842-1,송파구장지동842-1(청년안심주택),484
2027-03,서울,분양임대,서울특별시 양천구 목동 557-0,목동가로주택정비(LH참여),85
2028-03,서울,분양임대,서울특별시 영등포구 당산동4가 91-0,e편한세상당산리버파크,550
2027-06,서울,분양임대,서울특별시 영등포구 신길동 1280-0,서울대방 신혼희망타운,183
2027-07,서울,임대,서울특별시 용산구 원효로3가 1-159,원효로3가(청년안심주택),988
2027-03,서울,분양,서울특별시 용산구 이촌동 301-160,이촌 르엘,750
2028-03,서울,분양임대,서울특별시 은평구 갈현동 467-1,연신내양우내안애퍼스티지,260
2026-10,서울,분양임대,서울특별시 은평구 대조동 88-0,힐스테이트 메디알레,2451
2027-06,서울,임대,서울특별시 은평구 불광동 305-3,빌리브 에이센트,77
2027-04,서울,임대,서울특별시 은평구 증산동 223-15,힐스테이트 DMC,299
2027-04,서울,분양임대,서울특별시 중구 순화동 6-10,정동 롯데캐슬 136(도시형 생활주택),102
2026-10,서울,임대,서울특별시 중랑구 묵동 165-0,중랑구묵동165(청년안심주택),927
2026-07,서울,임대,서울특별시 중랑구 묵동 8-0,화랑대역에이트플레이스(청년안심주택),724
2026-07,서울,임대,서울특별시 중랑구 상봉동 116-49,중랑구상봉동116-49(청년안심주택),299
2027-01,서울,분양,서울특별시 중랑구 중화2동 296-44,상봉라온프라이빗,219
2026-11,서울,분양,서울특별시 구로구 개봉동 312-38,개봉 루브루 ,295
2026-08,서울,분양임대,서울특별시 은평구 신사동 19-100,은평자이더스타,262
2028-06,서울,임대,서울특별시 관악구 봉천동 464-8,봉천동464-8(청년안심주택),100
2028-06,서울,분양,서울특별시 금천구 독산동 954-0,독산지역주택조합,85
2028-06,서울,분양임대,서울특별시 서대문구 홍은동 14-10,홍은8-1지역주택조합,119
2027-03,서울,분양,서울특별시 강남구 논현동 150-4,논현세광연립,41
2028-02,서울,임대,서울특별시 영등포구 신길동 1300-0,신길동1300(청년안심주택),281
2028-03,서울,분양,서울특별시 도봉구 창동 466-0,대신빌라,121
2028-04,서울,임대,서울특별시 동작구 상도동 188-19,상도동188-19(청년안심주택),250
2028-05,서울,분양임대,서울특별시 광진구 화양동 32-12,화양동32-12(가로주택정비사업),40
2028-06,서울,분양,서울특별시 영등포구 신길동 4377-0,신길동4377번지일대(가로주택정비사업),44
2028-06,서울,분양임대,서울특별시 양천구 신월4동 421-6,신월동421-6번지남도연립(가로주택정비사업),38
2028-06,서울,임대,서울특별시 성동구 용답동 231-0,용답동231(청년안심주택),1403
2028-03,세종,분양,세종특별자치시 합강동 22-28,세종 5-1 양우내안애 아스펜,698
2028-02,세종,분양,세종특별자치시 합강동 5101-9,엘리프 세종 스마트시티,424
2026-10,울산,분양,울산광역시 남구 신정동 1136-3,e편한세상 문수로더스카이,158
2027-02,울산,분양,울산광역시 남구 신정동 1133-14,더폴 울산신정,168
2028-02,울산,분양,울산광역시 남구 신정동 901-3,라엘에스,2033
2026-08,울산,분양,울산광역시 남구 신정동 1267-6,문수로 롯데캐슬 그랑파르크,193
2028-03,울산,분양,울산광역시 남구 신정동 1151-1,문수로 센트레빌 에듀리체,368
2028-06,울산,분양,울산광역시 남구 신정동 638-1,힐스테이트 문수로 센트럴,566
2026-11,울산,분양,울산광역시 남구 야음동 828-29,e편한세상 번영로 리더스포레,192
2027-11,울산,분양,울산광역시 남구 야음동 363-2,번영로 하늘채 라크뷰,803
2028-05,울산,분양,울산광역시 남구 야음동 389-49,울산 호수공원 에일린의 뜰 1단지,310
2028-02,울산,분양,울산광역시 남구 야음동 830-1,힐스테이트 선암호수공원 1단지,438
2028-02,울산,분양,울산광역시 남구 야음동 829-20,힐스테이트 선암호수공원 2단지,193
2026-08,울산,분양,울산광역시 남구 옥동 651-2,옥동 경남아너스빌 ubc,320
2027-03,울산,임대,울산광역시 울주군 범서읍 굴화리 15-32,울산태화강변 A1BL,324
2027-11,울산,분양,울산광역시 울주군 범서읍 굴화리 14-3,울산태화강변지구 A-2블록,435
2027-07,울산,분양,울산광역시 울주군 범서읍 굴화리 0-0,태화강 에피트,307
2026-11,울산,분양,울산광역시 울주군 범서읍 서사리 305-0,우미린 더 시그니처,1430
2028-05,울산,분양,울산광역시 울주군 범서읍 서사리 270-0,울산다운2지구 A-10블록 공공분양주택,873
2026-07,울산,분양,울산광역시 울주군 온양읍 발리 429-1,남울산노르웨이숲,848
2027-04,울산,분양,울산광역시 중구 다운동 741-2,다운한양립스더퍼스트하임,400
2027-07,울산,분양,울산광역시 중구 다운동 산30-2,울산 다운2지구 우미 린 어반파크,731
2027-04,울산,임대,울산광역시 중구 다운동 52-0,울산다운2A4(국민임대),194
2027-04,울산,임대,울산광역시 중구 다운동 52-0,울산다운2A4(행복주택),194
2027-04,울산,임대,울산광역시 중구 다운동 51-2,울산다운2A7(영구임대),400
2027-04,울산,임대,울산광역시 중구 다운동 51-2,울산다운2A7(행복주택),300
2026-09,울산,임대,울산광역시 중구 반구동 447-19,울산반구 수자인 더센트럴,178
2027-01,울산,분양,울산광역시 중구 우정동 274-85,울산우정에피트,533
2027-05,울산,분양,울산광역시 중구 학성동 397-1,더샵 시에르네,788
2026-12,울산,분양,울산광역시 중구 우정동 272-60,우정동 한양립스 더 센트럴,531
2028-03,인천,분양,인천광역시 강화군 선원면 창리 501-0,두산위브센트럴파크강화,1325
2026-12,인천,분양,인천광역시 계양구 동양동 172-0,ANDANTE(인천계양 A2 공공분양),747
2026-12,인천,임대,인천광역시 계양구 동양동 172-0,인천계양지구 A3블록 신혼희망타운(행복주택),179
2026-12,인천,분양,인천광역시 계양구 동양동 172-0,인천계양지구 A3블록 신혼희망타운,359
2027-05,인천,분양,인천광역시 계양구 작전동 439-7,두산위브더제니스 센트럴 계양,1370
2027-11,인천,분양,인천광역시 계양구 효성동 0-0,계양 롯데캐슬 파크시티 1단지(공3블록),1964
2027-11,인천,분양,인천광역시 계양구 효성동 0-0,계양 롯데캐슬 파크시티 2단지(공4블럭),1089
2027-10,인천,분양,인천광역시 동구 송림동 31-3,리아츠 더 인천,378
2026-07,인천,분양,인천광역시 미추홀구 숭의동 18-0,e편한세상 제물포역 파크메종,736
2027-03,인천,분양,인천광역시 미추홀구 숭의동 106-119,도원역e편한세상퍼스트하임,1705
2026-12,인천,분양,인천광역시 미추홀구 용현동 627-80,용현 우방 아이유쉘 센트럴마린,252
2027-05,인천,임대,인천광역시 미추홀구 용현동 568-2,인천용현1(행복주택),34
2028-04,인천,분양,인천광역시 미추홀구 학익동 587-377,시티오씨엘6단지(5BL),1734
2028-03,인천,분양,인천광역시 미추홀구 학익동 321-0,인하대역푸르지오에듀포레,1500
2026-09,인천,분양,인천광역시 부평구 갈산동 181-11,중앙하이츠 갈산역 센트럴,126
2028-01,인천,임대,인천광역시 부평구 부평동 65-17,인천부평(도시재생뉴딜)A(행복주택),350
2026-08,인천,임대,인천광역시 부평구 산곡동 70-8,인천산곡 A1 행복주택,400
2028-06,인천,분양,인천광역시 부평구 산곡동 87-903,해링턴 스퀘어 산곡역,2475
2028-04,인천,분양,인천광역시 부평구 삼산동 191-0,두산위브더센트럴부평,500
2026-07,인천,분양,인천광역시 서구 마전동 0-0,e편한세상 검단 에코비스타,732
2027-04,인천,분양,인천광역시 서구 마전동 1158-12,검단 스타힐스 가현숲,709
2027-12,인천,분양,인천광역시 서구 마전동 0-0,검단신도시 푸르지오 더 파크,919
2028-03,인천,분양,인천광역시 서구 마전동 398-2,엘리프 검단 포레듀(AA32블록),669
2027-02,인천,분양,인천광역시 서구 불로동 0-0,검단아테라자이(AAB21-1블록),709
2027-11,인천,임대,인천광역시 서구 불로동 1005-1,인천검단AA19(국민임대),991
2027-11,인천,임대,인천광역시 서구 불로동 1005-1,인천검단AA19(영구임대),332
2026-10,인천,분양,인천광역시 서구 불로동 210-1,신검단중앙역센트레빌,1224
2026-10,인천,분양,인천광역시 서구 불로동 0-0,제일풍경채 검단 Ⅲ ,610
2027-02,인천,분양,인천광역시 서구 불로동 0-0,제일풍경채 검단Ⅳ,1048
2027-06,인천,분양,인천광역시 서구 불로동 0-0,중흥S-클래스 에듀파크,1448
2027-06,인천,분양,인천광역시 서구 석남동 521-2,석남역 센트럴파크 그랑베르,198
2028-01,인천,임대,인천광역시 서구 석남동 484-4,인천서구(거북이기지)1(행복주택),58
2028-01,인천,임대,인천광역시 서구 석남동 481-1,인천서구(석남어울림)1(행복주택),110
2026-12,인천,분양,인천광역시 서구 연희동 166-10,인천 연희공원 호반써밋 파크에디션,1370
2026-07,인천,분양,인천광역시 서구 원당동 0-0,e편한세상 검단 웰카운티,1458
2026-12,인천,분양,인천광역시 서구 원당동 0-0,인천 검단신도시 AB13블록 호반써밋Ⅲ,905
2027-06,인천,분양,인천광역시 연수구 송도동 551-1,송도자이풍경채 그라노블 1단지,469
2027-06,인천,분양,인천광역시 연수구 송도동 552-0,송도자이풍경채 그라노블 2단지,548
2028-04,인천,분양,인천광역시 연수구 송도동 554-0,송도자이풍경채 그라노블 3단지,597
2028-04,인천,분양,인천광역시 연수구 송도동 553-0,송도자이풍경채 그라노블 4단지,504
2028-04,인천,분양,인천광역시 연수구 송도동 553-2,송도자이풍경채 그라노블 5단지,610
2028-06,인천,분양,인천광역시 연수구 송도동 399-13,힐스테이트 레이크 송도 5차,722
2028-01,인천,분양,인천광역시 연수구 옥련동 산 59-11,래미안 센트리폴(1BL),706
2028-01,인천,분양,인천광역시 연수구 옥련동 79-20,래미안 센트리폴(2BL),819
2027-12,인천,분양,인천광역시 연수구 옥련동 0-0,래미안 센트리폴(3BL),1024
2028-04,인천,분양,인천광역시 연수구 청학동 96-4,송도역한신더휴프레스턴,652
2028-04,인천,분양,인천광역시 중구 사동 23-4,e편한세상동인천베이프런트,579
2027-09,인천,분양,인천광역시 중구 신흥동3가 7-79,숭의역라온프라이빗스카이브,440
2027-05,인천,분양,인천광역시 중구 운남동 1654-1,영종 진아레히,547
2026-08,인천,분양,인천광역시 중구 운서동 1085-4,운서역 대라수 어썸에듀,311
2026-08,인천,임대,인천광역시 중구 운서동 3106-1,운서역 푸르지오 더 스카이 2차,847
2027-12,전남,임대,전라남도 고흥군 도양읍 용정리 1164-1,고흥도양(고령자)통합공공임대,150
2027-01,전남,분양,전라남도 광양시 마동 348-4,더샵 광양레이크센텀,925
2027-05,전남,분양,전라남도 나주시 이창동 714-0,나주영산윤슬의아침더정원,311
2027-12,전남,임대,전라남도 담양군 담양읍 지침리 149-4,담양담양(행복)1(통합공공임대),40
2027-02,전남,임대,전라남도 담양군 담양읍 삼만리 1241-0,담양삼만 통합공공임대 일자리연계형 지원주택,94
2026-12,전남,분양,전라남도 목포시 석현동 1175-11,하당 르파르크시그니처,70
2027-09,전남,분양,전라남도 순천시 덕암동 45-0,순천 지에이그린웰 하이드원,475
2027-10,전남,분양,전라남도 순천시 용당동 288-1,순천 한양립스 파크포레,463
2027-07,전남,분양,전라남도 순천시 풍덕동 327-3,순천그랜드파크자이,997
2027-04,전남,분양,전라남도 여수시 소라면 죽림리 217-3,힐스테이트 죽림더프라우드(A4BL),341
2027-04,전남,분양,전라남도 여수시 소라면 죽림리 262-0,힐스테이트죽림더프라우드(A2),931
2027-06,전남,분양,전라남도 여수시 신기동 3-0,e편한세상 여수 글렌츠,1365
2028-06,전남,임대,전라남도 영광군 영광읍 단주리 574-0,제이아트더영광(민간임대),240
2027-12,전남,임대,전라남도 완도군 완도읍 중도리 760-1,완도중도(고령자)통합공공임대,90
2026-10,전남,분양,전라남도 장성군 진원면 광주연구개발특구 A1블럭,힐스테이트 첨단센트럴,1520
2026-10,전남,분양,전라남도 장성군 진원면 광주연구개발특구 A2블럭,첨단 제일풍경채 A2블록,1845
2027-09,전남,임대,전라남도 함평군 함평읍 기각리 775-1,함평기산(통합공공임대),60
2027-07,전남,분양,전라남도 해남군 해남읍 구교리 49-0,파크레스트 해남,294
2028-03,전남,분양,전라남도 해남군 해남읍 남외리 410-0,해남 남외리 정하 에코프라임,305
2026-09,전남,임대,전라남도 광양시 중동 1322-1,광양중동센텀유블레스,376
2027-04,전남,분양,전라남도 나주시 빛가람동 528-0,부영B7(미정),760
2028-02,전남,임대,전라남도 담양군 담양읍 양각리 227-0,죽녹원 니케 민간임대아파트,249
2027-04,전남,임대,전라남도 함평군 기각리 198-0,함평 서현수와일 리버파크 아파트,160
2027-09,전북,분양,전북특별자치도 군산시 경장동 504-4,효성해링턴 플레이스 군산,275
2028-05,전북,임대,전북특별자치도 군산시 소룡동 1539-3,군산아너팰리스보네르(민간임대),254
2026-12,전북,분양,전북특별자치도 군산시 지곡동 산 137-1,군산 레이크시티 아이파크,722
2027-03,전북,분양,전북특별자치도 김제시 검산동 510-7,김제 검산 예다음,648
2027-11,전북,임대,전북특별자치도 김제시 금구면 금구리 358-37,남전주IC국제미소래1차(민간임대),198
2028-04,전북,임대,전북특별자치도 김제시 금구면 금구리 422-0,남전주IC국제미소래2차(민간임대),196
2027-07,전북,임대,전북특별자치도 김제시 하동 산 37-10,김제하동어반트리2차(민간임대),122
2027-11,전북,분양,전북특별자치도 순창군 순창읍 순화리 951-0,대상 웰라움 순창,264
2026-10,전북,분양,전북특별자치도 완주군 봉동읍 용암리 48-4,봉동 한양립스 센텀포레,516
2026-12,전북,분양,전북특별자치도 익산시 부송동 0-0,익산 부송 아이파크,511
2028-02,전북,분양,전북특별자치도 전주시 덕진구 고랑동 742-0,북전주 광신프로그레스,352
2027-02,전북,임대,전북특별자치도 전주시 덕진구 금암동 523-104,전주대라수글로벌에듀(민간임대),315
2028-06,전북,분양,전북특별자치도 전주시 덕진구 송천동1가 12-4,송천 아르티엠 더 숲,244
2027-01,전북,분양,전북특별자치도 전주시 덕진구 송천동2가 1317-0,에코시티 더샵4차,576
2026-12,전북,분양,전북특별자치도 전주시 덕진구 송천동2가 1315-0,에코시티 한양수자인 디에스틴 주상복합,268
2027-09,전북,분양,전북특별자치도 전주시 덕진구 인후동2가 1560-0,전주 인후동 마루힐 센트럴 ,199
2027-08,전북,분양,전북특별자치도 전주시 덕진구 호성동2가 801-31,전주 에코시티 더 클래스,44
2027-08,전북,임대,전북특별자치도 전주시 완산구 동서학동 212-0,전주동서학(행복)1(통합공공임대),88
2026-11,전북,분양,전북특별자치도 전주시 완산구 서신동 40-4,서신 더샵 비발디,1914
2028-06,전북,분양,전북특별자치도 전주시 완산구 중노송동 395-3,더샵라비온드,2226
2028-03,전북,분양,전북특별자치도 전주시 완산구 평화동2가 409-10,전주 라온프라이빗 퍼스티브,507
2026-10,제주,분양,제주특별자치도 서귀포시 서홍동 384-5,서귀포시 서홍동 형남아파트6차,94
2027-04,제주,분양,제주특별자치도 제주시 건입동 167-0,제주 중부공원 제일풍경채 센트럴파크,728
2027-05,제주,분양,제주특별자치도 제주시 아라이동 1270-5,정원파인즈 reve 3단지 도시형생활주택,69
2027-03,제주,분양,제주특별자치도 제주시 연동 274-12,신제주 동문디이스트 시그니처원Ⅰ,182
2027-06,제주,분양,제주특별자치도 제주시 연동 274-25,신제주 동문디이스트 시그니처원Ⅱ,196
2028-04,제주,분양,제주특별자치도 제주시 연동 282-4,이안 연동스퀘어,96
2027-11,제주,분양,제주특별자치도 제주시 오라이동 854-1,위파크 제주 1단지,686
2027-11,제주,분양,제주특별자치도 제주시 오라이동 923-0,위파크 제주 2단지,715
2028-02,제주,분양,제주특별자치도 제주시 이도이동 777-0,"이도주공2,3단지아파트",867
2027-01,제주,임대,제주특별자치도 제주시 조천읍 북촌리 1938-0,PH159,159
2026-09,제주,임대,제주특별자치도 제주시 화북일동 1400-0,제주화복A22(행복주택),272
2027-11,제주,임대,제주특별자치도 제주시 삼도이동 1244-1,미정,72
2028-04,제주,임대,제주특별자치도 서귀포시 동홍동 1186-2,미정,53
2027-10,제주,임대,제주특별자치도 제주시 봉개동 2569-0,미정,50
2028-02,제주,임대,제주특별자치도 서귀포시 남원읍 태흥리 1760-18,미정,47
2027-10,제주,임대,제주특별자치도 제주시 연동 1375-3,마음에온연동아파트,96
2028-02,제주,임대,제주특별자치도 서귀포시 성산읍 고성리 1135-37,마음에온고성,50
2027-05,충남,분양,충청남도 계룡시 엄사면 엄사리 418-8,계룡 펠리피아,823
2026-11,충남,분양,충청남도 공주시 월송동 671-1,공주월송지구 경남아너스빌,366
2026-08,충남,분양,충청남도 논산시 연무읍 안심리 26-0,논산 푸르지오 더 퍼스트,433
2028-01,충남,분양,충청남도 논산시 취암동 139-0,트리븐 논산,429
2026-12,충남,분양,충청남도 보령시 동대동 391-0,보령 엘리체 헤리티지,971
2027-05,충남,분양,충청남도 부여군 부여읍 쌍북리 595-0,부여 골드클래스,413
2026-10,충남,분양,충청남도 서산시 석림동 528-1,서산 센트럴 아이파크,410
2028-02,충남,분양,충청남도 서산시 읍내동 86-1,서산휴리움레이크파크,178
2027-02,충남,분양,충청남도 아산시 배방읍 북수리 1577-0,배방 필하우스 리버시티,1083
2026-09,충남,분양,충청남도 아산시 신창면 남성리 177-3,아산 신창1차 광신프로그레스,450
2026-08,충남,분양,충청남도 아산시 탕정면 갈산리 0-0,탕정 푸르지오 리버파크,1626
2028-03,충남,분양,충청남도 아산시 탕정면 갈산리 625-8,탕정 푸르지오 센터파크,1416
2028-02,충남,분양,충청남도 아산시 탕정면 동산리 147-4,아산탕정자이 센트럴시티(A2BL),1238
2027-12,충남,분양,충청남도 아산시 탕정면 동산리 142-12,아산탕정자이 퍼스트시티(A1 BL),797
2026-12,충남,분양,충청남도 아산시 탕정면 매곡리 0-0,더샵 탕정인피니티시티,1140
2027-02,충남,분양,충청남도 아산시 탕정면 매곡리 0-0,더샵 탕정인피니티시티 2차,1214
2027-10,충남,분양,충청남도 아산시 탕정면 매곡리 0-0,더샵 탕정인피니티시티 3차,1163
2026-07,충남,분양,충청남도 천안시 동남구 문화동 78-1,트루엘 시그니처 천안역,236
2027-12,충남,임대,충청남도 천안시 동남구 신부동 72-16,천안신부A1(행복주택),587
2027-05,충남,분양,충청남도 천안시 동남구 용곡동 474-4,천안 일봉공원 호반써밋 센트럴파크(2BL),1284
2026-10,충남,임대,충청남도 천안시 서북구 두정동 400-7,두정동(민간임대),110
2028-01,충남,분양,충청남도 천안시 서북구 두정동 393-11,천안 두정역 양우내안애 퍼스트로,416
2028-02,충남,분양,충청남도 천안시 서북구 성성동 287-3,성성자이레이크파크,1104
2027-12,충남,분양,충청남도 천안시 서북구 성성동 34-4,천안 아이파크 시티,1126
2027-05,충남,임대,충청남도 천안시 서북구 성정동 1425-0,성정동(임대),584
2027-08,충남,분양,충청남도 천안시 서북구 성정동 209-1,힐스테이트 천안역 스카이움,999
2028-02,충남,분양,충청남도 천안시 서북구 업성동 465-6,e편한세상성성호수공원,1763
2027-06,충남,임대,충청남도 천안시 서북구 직산읍 삼은리 84-1,천안직산중해마루힐센텀(민간임대),408
2026-11,충남,분양,충청남도 청양군 청양읍 읍내리 308-4,청양 금성백조 예미지 퍼스트클래스,182
2028-01,충남,임대,충청남도 홍성군 광천읍 광천리 154-47,홍성2차 승원팰리체 시그니처,232
2027-01,충남,임대,충청남도 홍성군 홍북읍 신경리 1207-0,e편한세상 내포 퍼스트드림(선택형 분양전환공공임대주택),949
2028-01,충남,임대,충청남도 아산시 탕정면 매곡리 70-4,이편한세상탕정마크센텀,1710
2027-07,충북,임대,충청북도 영동군 황간면 마산리 2-4,영동황간 통합공공임대주택,40
2027-06,충북,임대,충청북도 음성군 맹동면 동성리 535-0,충북혁신 클러스터 통합공공임대,300
2027-09,충북,임대,충청북도 음성군 음성읍 읍내리 419-0,음성 석미아데나 센트럴,245
2027-12,충북,임대,충청북도 제천시 서부동 431-0,서부동 431 통합공공임대주택,42
2028-06,충북,분양,충청북도 청주시 상당구 남주동 180-0,청주 남주 대원칸타빌 더 시엘,478
2028-03,충북,분양,충청북도 청주시 상당구 방서동 805-0,동남 하늘채 에디크 공공분양주택,650
2027-09,충북,분양,충청북도 청주시 상당구 용암동 산 222-0,원봉공원 힐데스하임,1211
2028-03,충북,분양,충청북도 청주시 상당구 지북동 401-0,청주지북B1(공공분양),757
2028-03,충북,임대,충청북도 청주시 상당구 지북동 401-0,청주지북B1(공공임대),383
2027-06,충북,분양,충청북도 청주시 서원구 사직동 215-8,힐스테이트 어울림 청주사직,2330
2028-05,충북,분양,충청북도 청주시 서원구 장성동 204-0,신분평 더웨이시티 제일풍경채,1448
2026-09,충북,임대,충청북도 청주시 청원구 내덕동 620-5,청주내덕 통합공공임대주택,80
2027-08,충북,분양,충청북도 청주시 청원구 오창읍 양청리 814-2,더샵 오창프레스티지,644
2027-01,충북,분양,충청북도 청주시 흥덕구 가경동 330-0,청주 가경 아이파크 6단지,946
2028-02,충북,분양,충청북도 청주시 흥덕구 문암동 30-19,청주테크노폴리스 아테라 2차(A7BL),576
2028-01,충북,분양,충청북도 청주시 흥덕구 문암동 산 28-3,청주테크노폴리스 힐데스하임 더원(S3블록),543
2026-07,충북,분양,충청북도 청주시 흥덕구 복대동 100-28,복대자이 더 스카이,715
2027-01,충북,분양,충청북도 청주시 흥덕구 송절동 산 4-2,신영지웰 푸르지오 테크노폴리스 센트럴,1034
2027-08,충북,분양,충청북도 청주시 흥덕구 송절동 19-0,청주테크노폴리스 아테라(A8블록),1450
2026-08,충북,분양,충청북도 청주시 흥덕구 송절동 513-2,해링턴 플레이스 테크노폴리스,602
2027-01,충북,임대,충청북도 청주시 흥덕구 오송읍 오송리 194-3,힐스테이트오송역퍼스트,2094
2028-05,충북,분양,충청북도 충주시 연수동 787-25,충주연수 경남아너스빌 센터원,243
2027-08,충북,분양,충청북도 충주시 호암동 193-2,한화포레나 충주호암,847
2027-09,충북,임대,충청북도 음성군 대소면 삼정지구 A2블록,충북 음성 대소 삼정지구 A2BL. 공공지원 민간임대주택,465
2027-09,충북,임대,충청북도 음성군 대소면 삼정지구 A3블록,충북 음성 대소 삼정지구 A3BL. 공공지원 민간임대주택,510
2027-12,충북,임대,충청북도 제천시 영천동 1383-2,제천 채움하우스 임대주택,50
2027-12,충북,임대,충청북도 충주시 대소원면 278-24,대소원면 프리빌아파트,252
